,start,end,orf,frame,reverse
0,63,141,ATGGTTGAATGTTCACAACAGGTTNTTGTCTTCCCCTTGTTCTTGTTAATGGTTATTGATGAACTRTGTATTTTTTAA,0,False
1,111,141,ATGGTTATTGATGAACTRTGTATTTTTTAA,0,False
2,270,279,ATGTCATAA,0,False
3,121,154,ATGAACTRTGTATTTTTTAACAGTGAAATATAA,1,False
4,26,44,ATGCAAAAACTCTATTAA,2,False
5,71,122,ATGTTCACAACAGGTTNTTGTCTTCCCCTTGTTCTTGTTAATGGTTATTGA,2,False
6,263,437,ATGTGTGATGTCATAAACAGAATTCTGTTCTGGAATTCAGAAACTGCAGTTCACATTCTAAACTGTTGTTGGTGTTTGAGTGGTCGAGTGATTGAGAGCTACTTCTGTGACTTACTGACCAACTCATTTTCAGCCTTCAGTGTTCAGGATGGCTCTGTTCAGCAGTGCATTTAA,2,False
7,488,521,ATGTGCAGCTCAAGAACTGGCGGCAGTAAATAA,2,False
8,521,557,ATGTTCAGAGAGCGAGGCCTGCAACTTCACTGCTAA,2,False
9,201,273,ATGCMAGAAAGGGATAAAACAGTCAAACAGCTTTTTAAATGCACTGCTGAACAGAGCCATCCTGAACACTGA,0,True
10,282,399,ATGAGTTGGTCAGTAAGTCACAGAAGTAGCTCTCAATCACTCGACCACTCAAACACCAACAACAGTTTAGAATGTGAACTGCAGTTTCTGAATTCCAGAACAGAATTCTGTTTATGA,0,True
11,22,175,ATGGGCTTTAAGACAGAGGGTCTGGCAGGAGTCTGTAGGGCTTTGACCTCTCTTTTAGCCCCCTTGCGGCGTTTCTTCCTGCACTTGTTGGGATTAGCAGTGAAGTTGCAGGCCTCGCTCTCTGAACATTTATTTACTGCCGCCAGTTCTTGA,1,True
12,457,493,ATGCTCACACTCACAGCAGTGGTGCAAATGAAATAA,1,True
13,484,493,ATGAAATAA,1,True
14,239,251,ATGCACTGCTGA,2,True
15,353,359,ATGTGA,2,True
16,395,431,ATGACATCACACATTCTGCTGAGCTCCTCTGAGTGA,2,True
17,443,488,ATGACAAGCAGAAAATGCTCACACTCACAGCAGTGGTGCAAATGA,2,True
